{"Shodiyor": 5.196189880371094, "Isfandiyor": 8.996516942977905, "Kamola": 5.525523900985718, "Abdullah": 7.684678077697754}